{
  "mode": "g1",
  "criterion_text": "g1_object_detectable: SNR_peak > 10 for ALL cells (adjudicated offline, plan.md \u6b65 2 -- NOT computed here)",
  "cells": [
    {
      "cell_index": 0,
      "nominal_distance_3d_m": 0.5,
      "bar_x": 1.0624932431938872,
      "bar_y": 0.0,
      "bar_z": 0.46,
      "sensor_x_actual": 0.5999976158020941,
      "sensor_y_actual": 3.958642921219152e-06,
      "sensor_z_actual": 0.6500020448756126,
      "sensor_angle_deg": 0.0003286130289816742,
      "true_distance_3d_m": 0.5000029824202186,
      "posture_violation": false,
      "sensor_pose_violation": false,
      "with_peak_idx": 25.0,
      "noise_peak_idx": 25.0,
      "without_peak_idx": 19.0,
      "with_stationarity_ok": true,
      "noise_stationarity_ok": true,
      "without_stationarity_ok": false,
      "snr_peak": 31.892897166731963,
      "snr_energy": 2.0384842112215704,
      "waveform_truncated": false,
      "waveform_tag": "d00"
    },
    {
      "cell_index": 1,
      "nominal_distance_3d_m": 0.8,
      "bar_x": 1.3771100308193172,
      "bar_y": 0.0,
      "bar_z": 0.46,
      "sensor_x_actual": 0.5999975859980324,
      "sensor_y_actual": 4.0052415010890205e-06,
      "sensor_z_actual": 0.6500018624568766,
      "sensor_angle_deg": 0.0003153119120931195,
      "true_distance_3d_m": 0.8000027872759182,
      "posture_violation": false,
      "sensor_pose_violation": false,
      "with_peak_idx": 43.0,
      "noise_peak_idx": 43.0,
      "without_peak_idx": 19.0,
      "with_stationarity_ok": false,
      "noise_stationarity_ok": false,
      "without_stationarity_ok": true,
      "snr_peak": 48.95311560877563,
      "snr_energy": 2.2837039687416296,
      "waveform_truncated": false,
      "waveform_tag": "d01"
    },
    {
      "cell_index": 2,
      "nominal_distance_3d_m": 1.1,
      "bar_x": 1.6834666584625482,
      "bar_y": 0.0,
      "bar_z": 0.46,
      "sensor_x_actual": 0.5999975859980324,
      "sensor_y_actual": 4.0052415010890205e-06,
      "sensor_z_actual": 0.6500018624568766,
      "sensor_angle_deg": 0.0003153119120931195,
      "true_distance_3d_m": 1.1000026994240706,
      "posture_violation": false,
      "sensor_pose_violation": false,
      "with_peak_idx": 60.0,
      "noise_peak_idx": 60.0,
      "without_peak_idx": 20.0,
      "with_stationarity_ok": false,
      "noise_stationarity_ok": false,
      "without_stationarity_ok": false,
      "snr_peak": 82.33226818247734,
      "snr_energy": 2.7721813841380922,
      "waveform_truncated": false,
      "waveform_tag": "d02"
    }
  ]
}