{
  "point_index": 0,
  "nominal_distance_m": 0.5,
  "target_x_m": 0.5,
  "target_y_m": 0.0,
  "target_z_m": 0.65,
  "peak_sample_idx": 24.0,
  "early_energy": 26.46031637319782,
  "rx0_early": 26.46031637319782,
  "rx1_early": 32.027933145147784,
  "point_drift": 0.03921092022613128,
  "stationarity_ok": true,
  "waveform_tag": "point_00",
  "pass_id": "r03"
}