{
  "exclusion": {
    "n_total": 60,
    "n_kept": 48,
    "n_excl": 12,
    "excl_indices": [
      6,
      9,
      10,
      11
    ],
    "by_index": {
      "6": {
        "nominal_distance_m": 0.4815789473684211,
        "true_distance_3d_m": 0.4815789473684211,
        "peaks": [
          23.0,
          23.0,
          23.0
        ],
        "drifts": [
          0.0803512808892742,
          0.08035140064318448,
          0.08035143606284223
        ],
        "always_fail": true
      },
      "9": {
        "nominal_distance_m": 0.6473684210526316,
        "true_distance_3d_m": 0.6473684210526316,
        "peaks": [
          33.0,
          33.0,
          33.0
        ],
        "drifts": [
          0.13125143264375183,
          0.131251612981607,
          0.13125145561747129
        ],
        "always_fail": true
      },
      "10": {
        "nominal_distance_m": 0.7026315789473685,
        "true_distance_3d_m": 0.7026315789473685,
        "peaks": [
          36.0,
          36.0,
          36.0
        ],
        "drifts": [
          0.07791237256480972,
          0.07791216907841621,
          0.0779122711371303
        ],
        "always_fail": true
      },
      "11": {
        "nominal_distance_m": 0.7578947368421053,
        "true_distance_3d_m": 0.7578947368421053,
        "peaks": [
          39.0,
          39.0,
          39.0
        ],
        "drifts": [
          0.15301182141904296,
          0.1430539797054579,
          0.14305392210205195
        ],
        "always_fail": true
      }
    },
    "ols_all60": {
      "n": 60,
      "slope": 56.58503401360544,
      "intercept": -4.044897959183665,
      "r": 0.9993998105203508,
      "rmse_m": 0.011045522707354979,
      "t_cal_us": 103.04674887507299
    },
    "ols_kept": {
      "n": 48,
      "slope": 56.56241411531907,
      "intercept": -4.070356730610676,
      "r": 0.9994126335585268,
      "rmse_m": 0.012075629974891753,
      "t_cal_us": 103.08795834278672
    },
    "ols_excl_only": {
      "n": 12,
      "slope": 58.16326530612244,
      "intercept": -4.903061224489782,
      "r": 0.9996298352640157,
      "rmse_m": 0.0028138622688325334,
      "t_cal_us": 100.25062656641606
    }
  },
  "primary_way": {
    "n": 60,
    "n_primary_rx0": 57,
    "n_primary_rx1": 3,
    "i0_minus_i1_mean": 2.066666666666667,
    "i0_minus_i1_std": 3.623380864453651,
    "ols_p1_fixed_rx0": {
      "n": 16,
      "slope": 56.47190311291888,
      "intercept": -3.8836365635134413,
      "r": 0.9998802434172861,
      "rmse_m": 0.005450703469193224,
      "t_cal_us": 103.25318377225982
    },
    "ols_p1_primary": {
      "n": 16,
      "slope": 56.56241411531907,
      "intercept": -4.070356730610676,
      "r": 0.9994126335585266,
      "rmse_m": 0.012075629974891753,
      "t_cal_us": 103.08795834278672
    }
  }
}