{
  "p2": {
    "loo_kept": {
      "mode": "kept48",
      "n_unique_dist": 16,
      "n_pred": 48,
      "cv_mae": 0.008245095029047508,
      "cv_rmse": 0.01326267971606513,
      "cv_max_abs": 0.04594126545302801,
      "cv_bias": 0.00040322798528599074,
      "cv_bias_ci": [
        0.00040322798528599074,
        -0.003706927675888489,
        0.0038203577411776825
      ],
      "in_sample_rmse": 0.012075629974891753,
      "in_sample_mae": 0.0072590715618441005,
      "in_sample_r": 0.9994126335585268,
      "slope": 56.56241411531907,
      "intercept": -4.070356730610676
    },
    "loo_all": {
      "mode": "all60",
      "n_unique_dist": 20,
      "n_pred": 60,
      "cv_mae": 0.007309980522102935,
      "cv_rmse": 0.011900589650261957,
      "cv_max_abs": 0.046001066132350554,
      "cv_bias": 0.00025867486307253604,
      "cv_bias_ci": [
        0.00025867486307253604,
        -0.0031443593934891534,
        0.00289463552701212
      ],
      "in_sample_rmse": 0.011045522707354993,
      "in_sample_mae": 0.006610584528163416,
      "in_sample_r": 0.9993998105203503,
      "slope": 56.58503401360544,
      "intercept": -4.044897959183672
    },
    "odd_even_kept": {
      "mode": "kept_odd_even",
      "n_train": 24,
      "n_test": 24,
      "cv_mae": 0.004699718280192743,
      "cv_rmse": 0.005670863039364989,
      "cv_max_abs": 0.009869408388404721,
      "cv_bias": 0.002716160711934916
    },
    "odd_even_all": {
      "mode": "all_odd_even",
      "n_train": 30,
      "n_test": 30,
      "cv_mae": 0.0049110918632496335,
      "cv_rmse": 0.005766102672651222,
      "cv_max_abs": 0.00957609415600974,
      "cv_bias": 0.0029958730320476744
    },
    "loo_kept_per_distance_mean_abs": {
      "0.15": 0.012987545632849956,
      "0.205263": 0.009861942232483684,
      "0.260526": 0.006960458614468534,
      "0.315789": 0.004234784614583154,
      "0.371053": 0.001645078428157698,
      "0.426316": 0.0008423344698162416,
      "0.536842": 0.005623964254997893,
      "0.592105": 0.04594126545302801,
      "0.813158": 0.0014502458930626405,
      "0.868421": 0.0009537691308344476,
      "0.923684": 0.0034146341463415775,
      "0.978947": 0.005958968895073968,
      "1.034211": 0.011600316078841821,
      "1.089474": 0.009275717098611302,
      "1.144737": 0.006858101633663294,
      "1.2": 0.004312393887945909
    },
    "loo_kept_boot": {
      "n_boot": 10000,
      "seed": 20260722,
      "method": "bootstrap resample of LOO point errors",
      "mae_m": {
        "point": 0.008245095029047508,
        "mean_of_boots": 0.00824835584381929,
        "ci95": [
          0.005636725615102691,
          0.011452809824346816
        ]
      },
      "rmse_m": {
        "point": 0.01326267971606513,
        "mean_of_boots": 0.012976597479713635,
        "ci95": [
          0.006854936948252785,
          0.018488073465252802
        ]
      },
      "bias_m": {
        "point": 0.00040322798528599074,
        "mean_of_boots": 0.0003893834260792538,
        "ci95": [
          -0.0036680760848878825,
          0.0038223161378986652
        ]
      }
    }
  },
  "p3": {
    "D1": {
      "name": "D1",
      "n": 30,
      "mean_e_closed": 0.021147740750960427,
      "rmse_e_closed": 0.024562999789072733,
      "mean_e_blind": 0.7761477407509608,
      "rmse_e_blind": 0.7927306498266864,
      "mean_delta": 0.7550000000000002,
      "median_delta": 0.7500000000000004,
      "delta_ci95": [
        0.696666666666667,
        0.8100000000000005
      ],
      "paired_perm_p_one_sided": 1.999960000799984e-05,
      "wilcoxon_stat": 465.0,
      "wilcoxon_p_greater": 8.424009563616979e-07,
      "wilcoxon_note": "scipy",
      "welch_t": -25.131698367640503,
      "welch_p_one_sided_closed_better": 1.1202490010930986e-139,
      "pearson_stop_vs_target_closed": 0.997019625083515,
      "pearson_stop_vs_target_blind": null,
      "blind_stop_unique": [
        1.15
      ],
      "n_closed_le_10cm": 30,
      "n_blind_le_10cm": 0
    },
    "D1.5": {
      "name": "D1.5",
      "n": 30,
      "mean_e_closed": 0.025273316244033193,
      "rmse_e_closed": 0.028247878645459742,
      "mean_e_blind": 0.17360664957736666,
      "rmse_e_blind": 0.18889483722571385,
      "mean_delta": 0.14833333333333346,
      "median_delta": 0.15000000000000013,
      "delta_ci95": [
        0.12166666666666678,
        0.17333333333333348
      ],
      "paired_perm_p_one_sided": 1.999960000799984e-05,
      "wilcoxon_stat": 406.0,
      "wilcoxon_p_greater": 1.641704220898912e-06,
      "wilcoxon_note": "scipy",
      "welch_t": -10.579250188993074,
      "welch_p_one_sided_closed_better": 1.8596130793081691e-26,
      "pearson_stop_vs_target_closed": 0.9856121200896439,
      "pearson_stop_vs_target_blind": null,
      "blind_stop_unique": [
        0.950038
      ],
      "n_closed_le_10cm": 30,
      "n_blind_le_10cm": 4
    }
  },
  "p3_meta": {
    "delta_def": "e = |stop_oracle_horiz_dist - 0.35|; Delta = e_blind - e_closed",
    "paired_permutation": {
      "n_perm": 50000,
      "seed": 0,
      "type": "Monte Carlo sign-flip paired permutation",
      "alternative": "H1: mean(Delta) > 0 (closed better)",
      "p_formula": "p = (count(mean(sign*Delta) >= mean(Delta)) + 1) / (n_perm + 1)",
      "note": "With n_perm=50000, resolution floor \u2248 2e-5 when count=0; report as p \u2264 2e-5"
    },
    "wilcoxon": {
      "package": "scipy.stats.wilcoxon",
      "alternative": "greater",
      "zero_method": "wilcox"
    },
    "welch": {
      "role": "pre-registered primary for thesis; one-sided closed better via normal approx on t"
    },
    "bootstrap_delta_mean": {
      "n_boot": 5000,
      "seed": 0
    }
  }
}