{
 "n": 13,
 "r_x": 0.9877581274222665,
 "r_y": 0.9600386005455284,
 "rmse_x_m": 0.015281616342074669,
 "rmse_y_m": 0.03357308174651957,
 "g2_loc_x_valid": true,
 "g2_loc_y_valid": true
}