{
 "E1": {
  "n": 340,
  "rmse_analytic_cm": 1.9275007821858399,
  "rmse_ridge_cm": 39.16938809348676,
  "verdict": "解析法較佳"
 },
 "E2": {
  "n": 104,
  "auc": 0.9811390532544377,
  "gate_pass": true
 },
 "E3": {
  "n": 1028,
  "r2": 0.9248522431095973,
  "rmse_cm": 2.954038858561626
 }
}