{
  "mode": "g3",
  "debug_scaffold": true,
  "criterion_text": "g3_maneuver_valid (AMENDED 2026-07-10, decisions.md D-12, BEFORE any formal arm run): 10/10 trials complete the full advance->descend->close->lift-attempt sequence with zero posture violations, zero physics NaN, and pre-close bar disturbance < 5 mm. Lift success is RECORDED (P(grasp|align) report field), NOT gated -- the 22-rev investigation showed it is object-width simulator physics, independent of alignment (adjudicated offline, plan.md \u6b65 4).",
  "n_trials": 10,
  "n_success": 3,
  "finger_reach_x_m": 0.162,
  "grasp_tool0_to_bar_m": 0.14200000000000002,
  "pad_half_len_m": 0.02,
  "trials": [
    {
      "advance_ik_ok": true,
      "n_advance_steps": 31,
      "posture_violations_advance": 0,
      "sensor_pose_violations_advance": 0,
      "posture_violations_lift": 0,
      "tool0_x_at_stop": 0.49999964432256805,
      "tool0_x_grasp_target": 1.1,
      "tool0_x_grasp_actual_fk": 1.1,
      "grasp_pose_peak_idx": 19.0,
      "grasp_pose_drift": 0.0014601401501087255,
      "bar_pre_grasp": [
        1.1000012159347534,
        -1.6982758666017617e-07,
        0.45999982953071594
      ],
      "grasp_center_x_actual": 1.0999994724425664,
      "align_error_x": -1.7434921870673747e-06,
      "descend_ik_ok": true,
      "finger_q_post_close": 0.3796965777873993,
      "contact_detected": true,
      "weld_applied": true,
      "lift_ik_ok": true,
      "bar_post_hold": [
        1.1030974388122559,
        0.0014850761508569121,
        0.5199556350708008
      ],
      "bar_z_samples_hold": [
        0.5198020339012146,
        0.5197776556015015,
        0.5198578238487244,
        0.5198974609375,
        0.519896924495697,
        0.5199009776115417,
        0.5199556350708008
      ],
      "bar_z_gain_m": 0.05995580554008484,
      "grasp_lift_success": true,
      "trial": 0,
      "offset_x": 0.0,
      "bar_x_true": 1.1,
      "bar_x_pred": 1.1,
      "debug_scaffold": true,
      "reason": "completed"
    },
    {
      "advance_ik_ok": true,
      "n_advance_steps": 31,
      "posture_violations_advance": 0,
      "sensor_pose_violations_advance": 0,
      "posture_violations_lift": 0,
      "tool0_x_at_stop": 0.49999964432256805,
      "tool0_x_grasp_target": 1.1,
      "tool0_x_grasp_actual_fk": 1.1,
      "grasp_pose_peak_idx": 19.0,
      "grasp_pose_drift": 0.03724156964494615,
      "bar_pre_grasp": [
        1.1000003814697266,
        -4.075287449722964e-07,
        0.46000003814697266
      ],
      "grasp_center_x_actual": 1.0999994724425664,
      "align_error_x": -9.09027160211906e-07,
      "descend_ik_ok": true,
      "finger_q_post_close": 0.40407389402389526,
      "contact_detected": true,
      "weld_applied": true,
      "lift_ik_ok": true,
      "bar_post_hold": [
        1.1023482084274292,
        0.0026740827597677708,
        0.5219444632530212
      ],
      "bar_z_samples_hold": [
        0.5218482613563538,
        0.52189701795578,
        0.5219326615333557,
        0.5219483375549316,
        0.5219419598579407,
        0.5219449400901794,
        0.5219444632530212
      ],
      "bar_z_gain_m": 0.061944425106048584,
      "grasp_lift_success": true,
      "trial": 1,
      "offset_x": 0.0,
      "bar_x_true": 1.1,
      "bar_x_pred": 1.1,
      "debug_scaffold": true,
      "reason": "completed"
    },
    {
      "advance_ik_ok": true,
      "n_advance_steps": 32,
      "posture_violations_advance": 0,
      "sensor_pose_violations_advance": 0,
      "posture_violations_lift": 0,
      "tool0_x_at_stop": 0.49999964432256805,
      "tool0_x_grasp_target": 1.12,
      "tool0_x_grasp_actual_fk": 1.12,
      "grasp_pose_peak_idx": 19.0,
      "grasp_pose_drift": 0.05240296372205767,
      "bar_pre_grasp": [
        1.1000012159347534,
        -1.7039806721186324e-07,
        0.45999982953071594
      ],
      "grasp_center_x_actual": 1.0999994724425664,
      "align_error_x": -1.7434921870673747e-06,
      "descend_ik_ok": true,
      "finger_q_post_close": 0.4351564347743988,
      "contact_detected": true,
      "weld_applied": true,
      "lift_ik_ok": true,
      "bar_post_hold": [
        1.098888635635376,
        0.003085068194195628,
        0.5215929746627808
      ],
      "bar_z_samples_hold": [
        0.5216887593269348,
        0.5216073393821716,
        0.5215958952903748,
        0.5215939283370972,
        0.5215973854064941,
        0.5215948224067688,
        0.5215929746627808
      ],
      "bar_z_gain_m": 0.06159314513206482,
      "grasp_lift_success": true,
      "trial": 2,
      "offset_x": 0.02,
      "bar_x_true": 1.1,
      "bar_x_pred": 1.12,
      "debug_scaffold": true,
      "reason": "completed"
    },
    {
      "advance_ik_ok": true,
      "n_advance_steps": 32,
      "posture_violations_advance": 0,
      "sensor_pose_violations_advance": 0,
      "posture_violations_lift": 0,
      "tool0_x_at_stop": 0.49999964432256805,
      "tool0_x_grasp_target": 1.12,
      "tool0_x_grasp_actual_fk": 1.12,
      "grasp_pose_peak_idx": 19.0,
      "grasp_pose_drift": 0.013920877616005932,
      "bar_pre_grasp": [
        1.1000012159347534,
        -1.7266589225073403e-07,
        0.45999982953071594
      ],
      "grasp_center_x_actual": 1.0999994724425664,
      "align_error_x": -1.7434921870673747e-06,
      "descend_ik_ok": true,
      "finger_q_post_close": 0.5199810266494751,
      "contact_detected": false,
      "weld_applied": false,
      "lift_ik_ok": true,
      "bar_post_hold": [
        1.0765862464904785,
        0.003812965005636215,
        0.4599999487400055
      ],
      "bar_z_samples_hold": [
        0.4599999487400055,
        0.46000003814697266,
        0.46000003814697266,
        0.46000003814697266,
        0.46000000834465027,
        0.46000003814697266,
        0.4599999487400055
      ],
      "bar_z_gain_m": 1.1920928955078125e-07,
      "grasp_lift_success": false,
      "trial": 3,
      "offset_x": 0.02,
      "bar_x_true": 1.1,
      "bar_x_pred": 1.12,
      "debug_scaffold": true,
      "reason": "completed"
    },
    {
      "advance_ik_ok": true,
      "n_advance_steps": 30,
      "posture_violations_advance": 0,
      "sensor_pose_violations_advance": 0,
      "posture_violations_lift": 0,
      "tool0_x_at_stop": 0.49999964432256805,
      "tool0_x_grasp_target": 1.08,
      "tool0_x_grasp_actual_fk": 1.08,
      "grasp_pose_peak_idx": 19.0,
      "grasp_pose_drift": 0.02819011527561837,
      "bar_pre_grasp": [
        1.1000003814697266,
        -4.1116012994280027e-07,
        0.46000003814697266
      ],
      "grasp_center_x_actual": 1.059999453407559,
      "align_error_x": -0.040000928062167596,
      "descend_ik_ok": true,
      "finger_q_post_close": 0.5199883580207825,
      "contact_detected": false,
      "weld_applied": false,
      "lift_ik_ok": true,
      "bar_post_hold": [
        1.1365340948104858,
        -0.021759148687124252,
        0.4599999487400055
      ],
      "bar_z_samples_hold": [
        0.46000000834465027,
        0.4599999487400055,
        0.4599999487400055,
        0.4599999189376831,
        0.46000003814697266,
        0.4599999785423279,
        0.4599999487400055
      ],
      "bar_z_gain_m": -8.940696716308594e-08,
      "grasp_lift_success": false,
      "trial": 4,
      "offset_x": -0.02,
      "bar_x_true": 1.1,
      "bar_x_pred": 1.08,
      "debug_scaffold": true,
      "reason": "completed"
    },
    {
      "advance_ik_ok": true,
      "n_advance_steps": 30,
      "posture_violations_advance": 0,
      "sensor_pose_violations_advance": 0,
      "posture_violations_lift": 0,
      "tool0_x_at_stop": 0.49999964432256805,
      "tool0_x_grasp_target": 1.08,
      "tool0_x_grasp_actual_fk": 1.08,
      "grasp_pose_peak_idx": 19.0,
      "grasp_pose_drift": 0.040384472592017856,
      "bar_pre_grasp": [
        1.1000012159347534,
        -1.6935584312705032e-07,
        0.45999982953071594
      ],